song,play_count
SOBONKR12A58A7A7E0,36
SONYKOW12AB01849C9,29
SOMVTRL12A67AE0921,28
SOGKEGN12AB0185355,26
SOAUWYT12A81C206F1,25
SOVHVBJ12A58A7AB0A,24
SOTTNZU12A6D4FA237,23
SOAMPRJ12A8AE45F38,20
SOWHSGK12A6D4FC429,19
SOTWSXL12A8C143349,19
SOEPZQS12A8C1436C7,19
SOCONZX12A8C13F7BC,18
SOKYVWL12A67AE0922,18
SOWNNPR12A6D4FB51B,18
SOQTCHH12A6D4F5AAD,18
SOWPAXV12A67ADA046,18
SOAWHRU12A67AE226D,18
SOFFGTH12A67AE0925,17
SOKNYPM12A6310E31A,17
SOTWNDJ12A8C143984,17
SOUNNWW12AB018795D,17
SONZSVJ12A67AE0924,17
SOVFDZD12A6D4F8EAE,16
SOLXYFV12A8AE45FE3,16
SODJWHY12A8C142CCE,16
SOYIRPZ12A6D4FCAB0,16
SONZWDK12A6701F62B,16
SOZZPSS12A6D4F3C71,16
SOEABQQ12A8C140E1C,16
SOVVNSS12A58291F72,15
SODGVGW12AC9075A8D,15
SOFRQTD12A81C233C0,15
SOLFXKT12AB017E3E0,15
SOPTASI12AB0183185,15
SOSXLTC12AF72A7F54,15
SOFPXXK12A6D4FA1D9,15
SOTORXA12A58A79338,15
SOPTLQL12AB018D56F,15
SOCFPSZ12A6D4FCA89,15
SOPSOHT12A67AE0235,14
SOTCMDJ12A6D4F8528,14
SOWCKVR12A8C142411,14
SORXMNW12A58A7D198,14
SOAXGDH12A8C13F8A1,13
SOSOREL12AB01831EA,13
SOIFAGN12A6D4F7B29,13
SOWBXWN12AB01837CF,13
SODEAWL12AB0187032,13
SOKLRPJ12A8C13C3FE,13
SOJTDUS12A6D4FBF0E,12
SOWKQYL12AB0183B15,12
SOFRCGW12A81C21EA6,12
SOLARJV12AB018306B,12
SOAFOBL12AF72A25BA,12
SOUIKSL12A6701D19A,12
SOXGQEM12AB0181D35,12
SOPWMAI12AB01831C2,12
SOGXGKK12AB0184CD6,12
SOBOAFP12A8C131F36,12
SOCVTLJ12A6310F0FD,12
SOADQPP12A67020C82,12
SOTVLQY12A58A798C2,12
SONIMNU12B0B8092AB,11
SOQTRKE12A6701C596,11
SOQJAUN12A6D4FA162,11
SOEDRHH12A6D4FAD71,11
SOADGFH12A8C143D89,11
SOHOTAA12A8AE45F43,11
SODBSUF12A8C141975,11
SOXQWUS12A58A7B236,11
SOWUVFQ12AB018740E,11
SOPXKYD12A6D4FA876,11
SODTJFU12B0B80C9BE,11
SOCJCVE12A8C13CDDB,11
SOAUXEN12A81C23960,11
SOWGXOP12A6701E93A,11
SOUFPNI12A8C142D19,11
SOKOXWU12AF72AD1BC,11
SOJHCOH12A8AE45F4F,11
SOHFHEP12A8C135C0E,10
SOHYWRK12A8C13D117,10
SOEQJBS12A8AE475A4,10
SOOSJIV12AF729E09E,10
SOUSMXX12AB0185C24,10
SOGTQNI12AB0184A5C,10
SONOYIB12A81C1F88C,10
SOXHIDK12A58A7CFB3,10
SOMEUED12A6701DBEA,10
SOUQFCH12AB0184983,10
SOEGXLI12AB018A228,10
SOIRUXQ12A8C133060,10
SOWEJXA12A6701C574,10
SOQISNQ12A8AE45F4C,9
SONNSYV12A8C146BEC,9
SOOJJCT12A6310E1C0,9
SOBRJNF12A8C13B63D,9
SOPXRQT12A6701EAC9,9
SONEWOI12AAF3B3602,9
SOLUHHS12A58A81A6B,9
SORMKFZ12A6D4F9395,9
SOPCQFN12A6701F955,9
SOZXEZV12A6D4F737F,9
SOBZZDU12A6310D8A3,9
SOBFPJC12A58A7D1AB,9
SOXNZOW12AB017F756,9
SOISNSU12AC468C0D8,9
SODBCUG12A67AE0927,9
SOFPNOY12A8C134D40,9
SONHWUN12AC468C014,9
SOKDLBH12AB01892F0,8
SOJMPNJ12A58A7C164,8
SOJHVZZ12A58A75BBE,8
SOJEMSC12A6D4F81A6,8
SOSNVRF12AF729F97F,8
SOSCIZP12AB0181D2F,8
SOKUPAO12AB018D576,8
SOKDUCK12A58A791FC,8
SOHAHTQ12AB017AA32,8
SOQZOIE12AB01859CF,8
SODLLYS12A8C13A96B,8
SOMIRRJ12A8C13FB51,8
SOXDHVL12A6D4FBBE7,8
SOGPMUO12A6D4F6D31,8
SOPLAHV12A8C13D110,8
SOVOKGC12A58A7DF6B,8
SOYHEPA12A8C13097F,8
SOZCBPN12A8C14136F,8
SORKVID12A6D4FC6D2,8
SOWGZIE12A6D4FC6F2,8
SOXPFLM12A8AE48C50,8
SOAFTRR12AF72A8D4D,8
SOFKSOJ12A67020919,8
SOCKSGZ12A58A7CA4B,8
SOKTGRH12A58A763DA,8
SOSZJFV12AB01878CB,8
SOKHZWA12A8C13672E,7
SOAPIHX12AB0184CB1,7
SOPWZGK12A67020744,7
SOXVSNB12A8C141A66,7
SOTHRRH12A8C13DCBA,7
SOQLHST12AB0184A27,7
SOJZXZE12A6D227167,7
SOWKUZM12A67AE0D37,7
SOGBJTL12A6310E09B,7
SOBTVDE12AF72A3DE5,7
SOWOMXK12A8C13D565,7
SOPQLBY12A6310E992,7
SOKTJXL12A8C13C90B,7
SOXEGBZ12A679AE53D,7
SOAFPPR12A8AE46454,7
SOIYHAZ12A6D4F6D30,7
SOHFGKG12A6701C429,7
SOXFTPU12A81C2150E,7
SOYTCAF12A6D4F8049,7
SOSFVDJ12AB017D672,7
SOESGCP12A58A7AF7B,7
SOVZRJK12A8C139250,7
SOMGXRE12A6D4F9536,7
SOGJQBU12A6D4FA8EC,7
SOYOXUC12A58A782DA,7
SOWOMMY127F8096DF9,7
SOXBZEQ12A8C14307F,7
SOOGQTM12A6D4F8053,7
SOJOIKI12AB0187525,7
SOOTIZW12A8C13E0E6,6
SOUJVIT12A8C1451C1,6
SOJTLHS12A8C13F633,6
SOBGTQB12AB018154A,6
SOWWNDT12A8AE49A4C,6
SORLWFF12A6701F2CE,6
SOBJIZY12A6701F11A,6
SOSKKVC12A58291BFE,6
SOSZNRJ12A8AE46E38,6
SOUVTSM12AC468F6A7,6
SOLRGVL12A8C143BC3,6
SODEYDM12A58A77072,6
SOIKDCZ12A67ADD8DB,6
SODZLWJ12AF729FB85,6
SOYBHPX12A8C13B0A9,6
SOUVGVC12A58A79ED8,6
SOETHKN12AF72A65A6,6
SOMGIYR12AB0187973,6
SOICNON12A8C140437,6
SOOROCA12AF72A07D1,6
SOYIOLG12A8C13E7FE,6
SOXESHG12A6701F2CF,6
SOMZWUW12A8C1400BC,6
SOHYFCU12A8C1339ED,6
SOEYDSK12A6D4FC6CE,6
SOQJAJS12A8C139901,6
SOVXBOT12A8C136816,6
SOBWSGV12AB018B5E0,6
SOJHKGH12A58A804C8,6
SOWMGHQ12A6D4F914D,6
SOPEGMI12AF72AA77F,6
SOMTTXF12A8C1428A9,6
SOETMYW12A6D4FD28B,6
SOWFIFP12A8C13A9EE,6
SOGUBKQ12A8C135DEC,6
SOEKSGJ12A67AE227E,6
SOGFUFC12A8C13F1E5,6
SORHJAS12AB0187D3F,6
SODCFRT12AF72A2C2C,6
SOKRDBG12A81C2179B,6
SOLXUHJ12AB017F3D5,6
SOJKAWG12A81C21781,6
SOZWBVE12AAF3B515C,6
SOZYBGN12A8C13A93C,6
SOULTKQ12AB018A183,6
SOTDKEJ12AB0187AAA,6
SOOASTI12A8C14307D,6
SOBUBLL12A58A795A8,6
SOANQFY12AB0183239,6
SOUIIWR12AF72A7A9E,6
SOPISXG12AF72AA67F,6
SOPVQLJ12A67AE2281,6
SOPLAHG12A67020A66,6
SOGDDKR12A6701E8FA,6
SOIJTAV12AB01825CA,6
SOAFPAX12AB0187A17,6
SOQIDOO12A6701E06D,5
SOCREPA12A67ADD15E,5
SOENVAL12AB0185615,5
SOSDFFJ12AB0185D3F,5
SOOFTQI12AB018520F,5
SOOLWEJ12AB0186DA4,5
SOZMNAX12A58A77F88,5
SOKBOTR12A67ADE318,5
SOCQWTI12AB017EAAC,5
SOITLCM12AC46856B3,5
SORPAZI12A8C13EB5C,5
SOWFJLX12AB0183EE2,5
SOHQTKJ12A8AE46A88,5
SOOAVGC12AB01821EC,5
SOCAHRT12A8C13A1A4,5
SOIWKTZ12A8C13571B,5
SOVKYJD12A6D4F921B,5
SORYCIK12AB018535E,5
SORVBEQ12A8C133D6B,5
SOQZKFH12AC90719F4,5
SOXJUZL12AAF3B1D26,5
SOAPLEG12AB017FBD0,5
SOIHVXE12A58A75F7C,5
SOCLGEU12A8C146991,5
SOXVXDS12AF72A4704,5
SODWNPP12A58A79824,5
SOLCKHH12A8C1415B5,5
SOKRACG12A8C1438AC,5
SOGKPEE12A8C1423B9,5
SOIQKPT12A8C140753,5
SOUTLRM12A6D4F5DED,5
SOVFNKP12A81C2177F,5
SOGTDJQ12A8C13324F,5
SONQSBF12AF72ABB86,5
SORMGEO12A8C14406D,5
SOPBRJY12AF72A4440,5
SOLOMQJ12A58A78C63,5
SOZJHUF12A8C13E642,5
SOYLLGK12A81C217A1,5
SOYJJRX12A8C137A0F,5
SOLWRQM12AB0184C86,5
SOMMONH12A6D4F41CD,5
SOWLIHS12A8C1437AC,5
SONEYTB12AF72A73F0,5
SOXQYSC12A6310E908,5
SONMKLO12AB017B593,5
SOMOANH12A6D4F7A56,5
SOOYDAZ12A58A7AE08,5
SOIJWTX12AB017BC6C,5
SOFMTKF12AB01879CB,5
SOPPPWN12A8C135DCD,5
SOAXAPU12A67020EF9,5
SOQMRTC12A8C13B091,5
SOVSCKX12A8C13D3E1,5
SORJOVT12AB018C4B4,5
SOSJDQJ12A8C13D4A9,5
SOMAKEB12A8C1322D2,5
SOLFUPR12A6D4F9A3D,5
SOSVPIE12A6D4FA873,5
SOTARUJ12A8C13B0DA,5
SODXKQJ12A6D4F886C,5
SOIJPQV12A6701F959,5
SOHWXEU12A8C1320D1,5
SOBTBUM12A8C13C326,5
SOKBRAQ12A6D4F8FEC,5
SOJDCEE12A6701C5B3,5
SOCSHHV12A8AE45F45,5
SOEBCBI12AF72A154F,5
SOTYAZQ12A8C140FDE,5
SOTGNZG12A6D4F4ABE,5
SOEWWIU12A8C141309,5
SOIPYDT12A6701F992,5
SORWULZ12A6D4F5B1E,5
SOHWMPM12A679D8AEA,5
SOHGYWI12A67ADCD65,5
SOGELSC12AB0189300,5
SOFTTSD12A81C219CC,5
SOMDSGU12A8C13CA3B,5
SOIQIYD12A6D4F716D,5
SOINIUZ12A67ADF6D8,5
SODCADR12AF72A1A99,5
SOIIJZW12A6D4F6299,5
SOFTJQB12A8C144856,5
SOEGITU12A6D4F5B1A,5
SODSYRW12A8C143FCF,5
SOCGWBZ12A8C14034C,5
SOAVYHI12A6D4F766A,5
SONGMSX12AB018339C,5
SOCVQOW12A8C13B136,5
SOXZNQB12AB0181EC7,5
SODSESK12A81C2178C,5
SOFRDND12A58A7D6C5,5
SORCDPK12A679AE588,5
SOGWJEY12AC9618862,5
SOBABSR12A58A7AD93,5
SOXIIIM12A6D4F66C8,5
SOQGQXB12AB0182ED0,5
SOAUUDU12A6D4F9142,5
SOMYXWV12A8C14232E,5
SOFKFXC12AC90732A5,5
SOGYNZW12A8C1388A4,5
SOJCGJJ12A8AE48B5D,5
SOSBEAB12A6D4FACF3,5
SOJQOIK12AF72A0AAF,5
SOLCKXH12A58A79553,5
SORXCYP12A6D4F96F6,5
SODDNQT12A6D4F5F7E,5
SOTUZXK12AB017BC50,5
SOUHQXW12A8C13CAB5,5
SOULCVQ12A8AE474FC,5
SOEBOWM12AB017F279,5
SOHMLXY12A67020125,5
SOKRIMP12A6D4F5DA3,5
SOVEUVC12A6310EAF1,5
SOPAYPV12AB017DB0C,5
SOOLULU12A6701FBC4,5
SOIZAZL12A6701C53B,5
SOOFTNW12AB017DB3E,5
SOKVMOU12AB0185E39,5
SOXBXBI12A8C13C71C,5
SOUKJBT12A6701C4D6,5
SOOCURD12A81C21C23,5
SOHCLPF12AB017FD26,5
SOAFRYN12AAF3B1CB6,4
SOMRYYN12A6310F0F3,4
SOEUTXF12A6D4FC6F8,4
SOEWTBE12A58A7E7C2,4
SOCQOKM12AB018C7F8,4
SOCLQES12A58A7BB1D,4
SOAUBGU12A6701C57A,4
SOOWPBJ12A8C137FB4,4
SOQLUTQ12A8AE48037,4
SOZBZFF12A6310F12D,4
SODGSFW12A8C1337FB,4
SODWVWI12A81C21791,4
SOVHRXT12A8C1421D1,4
SOGLBQA12A6701E7AF,4
SOCAFDI12A8C13D10E,4
SOYMIMI12AB0181E5C,4
SOPPROJ12AB0184E18,4
SOEYHDL12AB0189C5E,4
SOLXDDC12A6701FBFD,4
SOLQYOG12B0B80BA71,4
SOTKYBW12A8C13C3EA,4
SOXWYZP12AF72A42A6,4
SOYGHUM12AB018139C,4
SODHVES12A6701CE6B,4
SOBZCTQ12AB0183220,4
SOHDSVJ12A6D4F93FF,4
SODACBL12A8C13C273,4
SOVAEBJ12A58A7A364,4
SOZNBQP12A6310D8AA,4
SOZVCRW12A67ADA0B7,4
SOBDMNP12AF72AB1E1,4
SOATNYF12AF72A8D48,4
SOMEDGV12A8C13F9D1,4
SOXFIHR12AB017BAF8,4
SOGFQWV12A8C135DF1,4
SOTIVDJ12AF72A9442,4
SORQHYJ12A8AE4738F,4
SOPRVKW12A6D4FD57B,4
SOHEMBB12A6701E907,4
SORKDWS12A6701E6D9,4
SORYTPO12AB0183974,4
SOSFZBK12A8C137A1E,4
SOLWHSJ12A67AE227B,4
SOIZLKI12A6D4F7B61,4
SOTVQBZ12A8C13B0E7,4
SOMJCOG12A8C143C30,4
SOUSAXA12AF72A73F5,4
SOVDLZN12AB0185BEA,4
SOVHPUT12A81C22A56,4
SOVIFRY12AB017B114,4
SOVUGCB12A8C131B45,4
SORWLTW12A670208FA,4
SOATRBT12A67020A62,4
SOYNOQQ12A8C136127,4
SOPPHBW12AB018C800,4
SOPOCCO12A58A7ADED,4
SOEKGDE12AB0182795,4
SOJERWB12A8C13E654,4
SOIBVZP12A8AE47758,4
SOEGIYH12A6D4FC0E3,4
SOFSCTZ12A6D4F992B,4
SOGZHXG12AF72A0EE8,4
SOBFMHC12A6D4F9401,4
SOGEKGR12A6D4F81E8,4
SOEBNJI12AB0187464,4
SONJBQX12A6D4F8382,4
SOCTOZW12A8C13AE90,4
SOOQZMA12A6D4F9922,4
SOLRGNF12AB0187CF4,4
SOKVYTI12A8C13B5DC,4
SOSRIHB12A8C13608B,4
SOGXETP12A8AE45AA1,4
SOGCWZS12A6701FCAC,4
SOEHWGF12A6D4F8B2B,4
SOEYVHS12AB0181D31,4
SOMNABG12AB018C811,4
SONEWAX12AB018DD3F,4
SOUACXK12A8C1437B3,4
SOTIEEP12A6701C779,4
SOQPCVN12AF729FB85,4
SOXFTSF12A6D4F7278,4
SOSBQSS12AB0189C58,4
SOZPQES12A6D4F8E57,4
SOTJQZN12AF72AA288,4
SOWEBRA12A6701F115,4
SOGPBAW12A6D4F9F22,3
SOLCCSB12A6D4F6CD3,3
SOTQOTB12A8C13E651,3
SOKSVIL12AAF3B1D56,3
SOGCWUH12AC90732B0,3
SONSOPT12A6D4F9405,3
SOIWMSB12AB0184C1E,3
SONIQRE12AF72A2B02,3
SODLAPJ12A8C142002,3
SOGPNGN12A8C143969,3
SOFYSDB12A8C131AF6,3
SOHGIBQ12AF72A83BB,3
SOGAUJB12A8C13BD05,3
SOAIILB12A58A776F7,3
SOFLOUP12A58A78897,3
SOYOGWU12A8AE481A6,3
SOUSZSW12AB01800C2,3
SONHVVE12AB018D038,3
SOLWWYR12AAF3B1C99,3
SOBXWPJ12AB0184965,3
SODGJKH12AAA8C9487,3
SOVUEJX12A6D4F79C4,3
SOPCUJU12AB01849C9,3
SOPRATO12A8C132851,3
SOEWYLX12A6D4F8E5F,3
SOJITNW12A8C13D951,3
SOLWTML12AAF3B1D31,3
SOEMYLD12AB017F4DD,3
SOGSAYQ12AB018BA14,3
SOKMHKY12AF72AB079,3
SOSJTOL12A6D4FB4CD,3
SOVWADY12AB0189C63,3
SOLJHUB12A58A78151,3
SOLPDGD12A6701F951,3
SOWSTXX12A6D4FA5B4,3
SOLSCUX12A8C13D10B,3
SOLLNTU12A6701CFDC,3
SOIBLKQ12AB0183E85,3
SOCPVMY12AF72AA178,3
SOMZVGZ12A8C140EFF,3
SOEHZQB12A6702016D,3
SOEHMKZ12A58A7DF45,3
SOFBFVG12A6D4F61A7,3
SOECUDG12A8C13337F,3
SOVHNXN12A8C13DC0B,3
SOAUQTR12A67020A68,3
SODLVZS12A8C131B2D,3
SODOWQF12A81C2371B,3
SOTASGN12AC9075A8F,3
SOLWZVR12AB01849C6,3
SOXILLO12A6310F1B6,3
SONEYYW12AF72A2AA6,3
SONZUTP12AF72AACC9,3
SOQXKUV12A6D4FB4C9,3
SOBOJJB12A58A7D1AD,3
SOPYIJT12B0B80BA6D,3
SOANCEH12AB0184773,3
SORALYQ12A8151BA99,3
SOAXKNC12AF72A4BF8,3
SOVEFXA12A58A7942A,3
SOVVENS12A8C144DB5,3
SOHZPIK12A58A7CCAE,3
SOFKABN12A8AE476C6,3
SONTNHB12A8C1391D6,3
SOBZETO12AB018C7FE,3
SOETSTN12A81C219A9,3
SORLVZE12A67ADBF3C,3
SOFSNOU12AAF3B1CAA,3
SONJNEQ12A6D4F9EB6,3
SOXRCLC12A8C136166,3
SODOWUC12AC9097E76,3
SOGQTAC12A6D4FA26B,3
SOTYLCV12A8C143772,3
SOCAABG12AB018CB14,3
SORQQYZ12AB0187456,3
SORIFLJ12A81C23948,3
SOBTFKO12A8C1334D3,3
SOVRQIK12A6701F118,3
SOWKLEE12A81C232AC,3
SOZEETS12AC9071BD3,3
SORQVPO12AF72A690C,3
SOUOEMP12A8C13866E,3
SOSCNTQ12B35058813,3
SOYCYVS12A8C13F107,3
SOIMREX12A6D4F99FE,3
SOVRTPN12AB0184F9E,3
SOIDDNJ12AC9071B90,3
SOVERPW12A81C219CE,3
SORBBFV12AB017D710,3
SOQWYAQ12A6D4FB9A3,3
SONQBUB12A6D4F8ED0,3
SOJLKYA12A58A7AB67,3
SOGMBXD12A6D4F5920,3
SOMNXML12A6D4F8386,3
SOIWBJU12A6701CBE7,3
SOYLTSU12A6701DA15,3
SOJONCB12A8C13B8F5,3
SOADJQJ12A8C141D38,3
SOBADEB12AB018275F,3
SOHYSXA12AB0186704,3
SOUSQCN12A8C133302,3
SOSROFB12AAF3B4C5D,3
SOBITIZ12A6D4F831F,3
SOUUOXQ12AB018B792,3
SOIMCDE12A6D4F8383,3
SOJNPGW12AB018896E,3
SOHKYPZ12B0B80758A,3
SORAQKI12A8C135DE9,3
SOQJLWB12A6701E7B3,3
SOXAQJS12AB018CBF7,3
SOWCBKV12AC90732A6,3
SOTVFEF12AF729E6CE,3
SOKWGHV12A67020A67,3
SOQHHBY12A8C13336B,3
SOXFPND12AB017C9D1,3
SOMRUQR12AAF3B1C7E,3
SOCYOTN12A8C13A4B1,3
SOAOSNO12A6D4FA76F,3
SOVIHUJ12AB018745D,3
SOQAQYN12A58A7B08D,3
SOKYRPO12A8C135E20,2
SOVVJEU12A8C133F33,2
SORVZLT12AB0189C7B,2
SOLVRLL12A67020D7F,2
SOSPXWA12AB0181875,2
SOAOFYK12AB0184C23,2
SOJSEEA12AB0181F6D,2
SODHHEG12A58A779FB,2
SORCHJN12AB0181502,2
SOMLQYU12A6D4F858F,2
SOBBMDR12A8C13253B,2
SOCSPSJ12A8C1372B9,2
SOKYBEO12A81C23957,2
SORZVNN12AB0184C36,2
SOACWYB12AF729E581,2
SOLGWFD12B0B807B28,2
SOABRAB12A6D4F7AAF,2
SOMJFPG12A58A7DD95,2
SOVQJWS12A58A7814B,2
SOPUJGO12AB017CE27,2
SOKVTGU12A6701E7B1,2
SOLJWIQ12A6D4FA875,2
SORFXUY12A6D4F96F4,2
SOCHYVZ12A6D4F5908,2
SOMTKND12AB0188CFF,2
SOLNMFP12A8C13B616,2
SOBPKPW12A6701E8F9,2
SOLQRCE12A6D4F8381,2
SOCRMJF12A81C22362,2
SOMLQGF12AB0184C2A,2
SOLUYBW12AB01852D4,2
SOLJFOJ12AB0184C30,2
SOZOIUU12A67ADFA39,2
SONDMSU12AB0184C26,2
SOQXQEM12A6701D9B5,2
SODCNJX12A6D4F93CB,2
SONSOGK12A6D4FDC69,2
SOKDVQC12A8C13DFC8,2
SOCOYYL12A3F1ED352,2
SOLWNAA12A8C13B605,2
SORCGOJ12A6D4F792A,2
SOBPQSZ12A6D4FACBB,2
SOMPOYU12A8C131B00,2
SOEEYNQ12A8C132864,2
SOREBOB12A6D4F7986,2
SOBSJEO12A8AE46C88,2
SOAOOJK12A8C144AA2,2
SOQZBYZ12A6701E7B0,2
SOQWSHS12A6701C576,2
SOUCKDH12A8C138FF5,2
SOXXRRG12A8C135B8E,2
SOQOXDM12A8C137FB0,2
SOZKNSB12A8C140F11,2
SOQLDTI12AB018C80A,2
SOQJKGN12A8C1425B5,2
SOTXQVF12A8C13ABBA,2
SOUOAUF12A58A7EC58,2
SOQIHFL12A58A79480,2
SOUSQUG12A8C13616F,2
SOEXOAH12A81C20728,2
SOQQQMM12A6310DFCC,2
SORFFOI12A8C135E10,2
SORGOJJ12A6D4F8597,2
SOHJOLH12A6310DFE5,2
SOTMFRY12A8C13C8A2,2
SOGGLLR12A8C13C471,2
SOSVQNK12AC468D6BE,2
SOIDFHN12A8C13ABAC,2
SOSQQGF12A6310F0FB,2
SOKYRPO12A6D4FA50A,2
SOJQTIA12AF729F6BF,2
SOSLQZV12AB018C818,2
SOKLBHE12A8C13B8FA,2
SOTRELQ12AB01871C9,2
SOSJCNH12A81C23945,2
SOXACZF12A6D4FB153,2
SODJTHN12AF72A8FCD,2
SOWUTFF12A8C138AB2,2
SOTRQEJ12AF72A45D7,2
SORKZFB12A6D4FCABC,2
SOLEBXE12B0B8062D3,2
SOPUUQJ12AF72A5748,2
SOPRHFU12A8C13A256,2
SOYDKBT12AB017BD24,2
SOVPBLT12A6D4F5113,2
SOVLJHG12A81C21AA0,2
SOTNUIS12A8C13A79F,2
SOSPMSN12AB0184709,2
SOBSUJE12A6D4F8CF5,2
SONGIXY12A58A7BB42,2
SOSYKTA12AF72A3686,2
SORWPCP12A8C13B9D8,2
SOSOXJK12A8AE47120,2
SOMXLAN12AB0184EBB,2
SOBVKFF12A8C137A79,2
SOVJFSL12A58A7F6A4,2
SOUELOC12AB0182DD1,2
SOUXBNY12A8C13BADB,2
SOVHDQC12A8C13D868,2
SOCBMXC12AB01853E6,2
SOXOJHJ12AF72A4ABD,2
SOCBBGJ12AF72A0922,2
SONVRTN12A8C1385C2,2
SOAKHOF12A8C13C72A,2
SONZVCU12A6D4F9165,2
SOOVFYS12A81C23135,2
SOPQGWI12A8C135DDB,2
SOZJPFX12A6D4F7280,2
SOUSJNT12A67ADE72B,2
SOPJJFS12A8C131AE6,2
SOUSMNI12A8C136F4F,2
SOPAETP12A8C131E3B,2
SOOZPLQ12A6701D220,2
SOJGMYY12AB01809BE,2
SOACPBY12A8C13FEF9,2
SOTYIMV12A8C133EA5,2
SOOPRQI12A8C135DF9,2
SOFVZRE12A8C139783,2
SOUTGUB12AB017DC5B,2
SOTQMZA12A58A7A9ED,2
SOEGZHD12A8C13BF3D,2
SOOCVAY12A6D4F8385,2
SOAUFOF12AB0180C65,2
SODEOCO12A6701E922,2
SOWAVQV12A58A7BBEF,2
SOTFJGS12AB017F577,2
SOYVSHP12A6702016E,2
SOPIEIJ12A6D4F8F81,2
SOFNCRW12A6D4F727B,2
SOZHUUI12A6701D7B6,2
SOCEWUG12A8C139075,2
SOGOJAC12A8C134D32,2
SOLECYL12A58A7BF88,2
SOMLSMH12A6310DF24,2
SOZJWDN12A8151B851,2
SOYTRIT12AB0187039,2
SOZNZGG12AB018305A,2
SOZOEYP12AB0188C9D,2
SOZUNWX12A81C221F3,2
SOJNURN12AF72A3EF3,2
SOYJHWK12AB01894C4,2
SOVIIBB12AC3DF7EF6,2
SOJUVYA12AB01860BA,2
SOVVUFH12A8C1376B2,2
SODMASJ12AF729E6FA,2
SOBTNNG12AF72A73E8,2
SOHJWLZ12A6D4F7756,2
SOBMSCQ12AAF3B51B7,2
SOBJBIZ12A8C132861,2
SOHZQYB12AB0188CF6,2
SOTFATN12A6D4FA74D,2
SOSGVES12A8C13D1BD,2
SOTEGWG12AB01897AC,2
SOAQTNT12A6701F957,2
SOMNTXV12A58A7C422,2
SOAMDXO12A8C131E2F,2
SOAJKEM12A8C13E567,2
SOTSVKB12A8C139EF0,2
SOBDWET12A6701F114,2
SOHNHEL12AF729E72D,2
SOCBRSN12AAF3B30A6,2
SOCGPAT12AC3DF8399,2
SOCSISN12AF72AB1DE,2
SOCYIFZ12AF729C0A3,2
SOYGHOJ12A6701FFBA,2
SOHMTUC12A58A799D4,2
SONKSNV12A58A7F654,2
SOYDTIW12A67ADAFC9,2
SOWHTFY12A6702184E,2
SOSJUFA12A58A7AF98,2
SOGWIAD12AF72A7F7B,2
SOEKRIT12A8C1462DE,2
SORKMJK12AB01853F0,2
SOLKKUC12AB01846F4,2
SOQTNGT12AB0188D2A,2
SONKFWL12A6D4F93FE,2
SOZZIOH12A67ADE300,2
SOERYLG12A6701F07F,2
SOPCTBB12AF72A1B64,2
SOJXVIA12A6D4F5D53,2
SONMWXV12AB01803B4,2
SOKGSJD12A58A799F4,2
SOCNAPQ12AAA15EE26,2
SOKUTUM12A6701D9CD,2
SOBBKGF12A8C1311EE,2
SOSOFGG12AB0186339,2
SOZYPRF12A6310F1B4,2
SOCHQJN12AC468834A,2
SOUHNSN12A8C13C1A4,2
SOYCZLK12A6D4FA7B4,2
SOXWCNG12AB0186354,2
SOXUTCS12A58A80EE5,2
SOXOHIL12A58A78C15,2
SOPVMKR12A8C135F77,2
SOXMMBA12AB0188D3D,2
SOIOHLX12A6702162F,2
SOWAJOJ12A58A7EE55,2
SOUDCXP12AB018632D,2
SOZDGEW12A8C13E748,2
SOLZKLE12AF729F385,2
SOSJXGY12A8C13ABD0,2
SOTIDZW12A6D4F7345,2
SOVCHUK12AB017F41F,2
SOUOPLF12AB017F40F,2
SOZYDZR12A8C13F4F0,2
SOGXZSY12AB0182FDE,2
SOAWSML12A6310F1B7,2
SOWPASM12A8C142B88,2
SOJWVKE12A6D4F3392,2
SOKPODE12A67020A64,2
SOGOMCI12AB0188C6C,2
SOGKTON12A6D4FC6E3,2
SOREMHL12AB018E612,2
SOFMFXK12A8C13C658,2
SOKHWZT12A58A7F198,2
SOOQYFY12A6D4FB7E6,2
SOIRRMU12A6D4FB0C0,2
SOXHDBW12A58A77C4C,2
SOEXIHX12AAF3B3A9D,2
SOFPZCI12A58A7CF79,2
SOMTERR12A58A7E142,2
SOPOGMQ12AF72AC35F,2
SOFGTCQ12AB01812C8,2
SOWSAVT12AB0186103,2
SONHNGZ12AB017DD0E,2
SOPHXDB12AB018017D,2
SOWTXCC12A8151B85A,2
SOTIDKX12A6D4FA7EA,2
SOBTRCD12A6701E976,2
SOXTMZY12AB01866D5,2
SOIKTRP12A81C219C9,2
SOSKUNL12AB0184C3D,2
SOJAAYY12A8C13E631,2
SODKCQF12A8C140133,2
SOUGCDK12AC95F075F,2
SODCXXY12AB0187452,2
SOPSLWP12A6D4FE7DE,2
SOIPFNK12A8C139007,2
SOZNUNA12A6701FCC7,2
SOIIOUS12A8AE47E20,2
SOXZQDE12A8C135833,2
SOJNQZO12AF72AAE32,2
SOHWFUW12A8C13ECCA,2
SOHWBGO12A6D4FA87A,2
SOHLOTX12A6701FF2D,2
SOEOJHS12AB017F3DC,2
SOHFLHO12A8C135E05,2
SOHBJHX12AF72A79F1,2
SOEQLJP12AB018FBC5,2
SOHTUMP12A67020A65,2
SOFBOXR12A6310F0FC,2
SORZASF12A6D4F8CFA,2
SOCOVEJ12A6D4FC90E,2
SOOVMTP12A8C1465B1,2
SODEAJC12A58A7769F,2
SODBMSF12A8C135DFD,2
SODDSHS12AAF3B1D3B,2
SOTXRZC12AB018165A,2
SOXYPGW12AB018C806,2
SOXZCIH12A8C1425F0,2
SOXZMNC12A8C135DD5,2
SOXLKBQ12A8C131B17,2
SOCKYCG12A58A78E37,2
SOFFJBN12A8C13C1AE,2
SOCJHXN12AB0188C8B,2
SOCHPFL12AF72A3F64,2
SOZAUIY12AB017B6A0,2
SOCBNIS12AF72AB9D3,2
SOIAZTO12A58A7EAF3,2
SODQKXS12A8C135DF7,2
SORTVII12AF72A23A6,2
SOGVSBV12AB0187440,2
SONPDZG12A8C13C098,2
SOXUNAQ12AB017DB38,2
SOLYWID12A6311082C,2
SOOEEPE12A8AE459A4,2
SOOQCAG12A67ADE6DD,2
SOGWKKA12A6702162E,2
SOXCUHM12B0B8092BB,2
SOEDGBE12A670211D3,2
SOEQKNF12A8C13C0B9,2
SOELXOV12A8C13616B,2
SOVHFYT12AB0185349,1
SOTEBVQ12A8C13B190,1
SOSBNIU12AB017CFEB,1
SOVMWAU12AB018E8A7,1
SOSXTPK12A6D4FBFFB,1
SOTNCZU12A8C13EDC8,1
SOTTQAF12A6310F21D,1
SOVMOIY12A67ADF6C2,1
SORBBBU12A8C141510,1
SOSDATG12AB018A8F1,1
SOQJNKS12A6D4FBF52,1
SOPREHY12AB01815F9,1
SOONUTJ12A6701D7B4,1
SOSDTGC12AF72A2BC3,1
SOSEKZA12A8C13FF24,1
SORFVMQ12AB0184135,1
SOOHERZ12A8C13EFA7,1
SORWBEB12A58A78BF8,1
SOTTEVR12A8AE47116,1
SOSWFQB12A67AE021B,1
SOOFXQL12A8C13CF92,1
SOTEGLJ12AB0185DA5,1
SORBIXR12A6D4F9EE0,1
SOJNNJQ12AB018697A,1
SOQGVCS12AF72A078D,1
SOEWNJA12A67AE110B,1
SOYZEYZ12A8C1408A0,1
SODJDHK12AB0181540,1
SOYTHKN12AB01871C7,1
SOTIYTD12A8C132AE3,1
SODLYRF12AB01861E0,1
SODOFPK12A6D4F998D,1
SOECCQW12AC468675B,1
SOEGDXK12A8C13B9A8,1
SOEMUXL12A58A7B848,1
SOETQJP12A6D4F6731,1
SOYSSSK12A8C13BC34,1
SOXSONB12A8C13B013,1
SOEXDOR12A8C13C52E,1
SOFJAJP12AB0181E62,1
SOFLLNJ12A6D4FA78A,1
SOFOGFW12AB0182251,1
SOFSIKY12AF72A0807,1
SOFVIKA12A8C140B38,1
SOYJPKO12A8C134151,1
SOGJPCI12A6D4F61A8,1
SOYIECE12A8C142C48,1
SORAWSB12A6701FBC8,1
SOTNEEA12A6D4F7F8D,1
SOZBMCG12AB018B3D5,1
SOCRHFJ12A67021D74,1
SOCRFPY12A8C134E04,1
SOHYOMA12AF72AC2BE,1
SOKIVON12A6701FBB5,1
SOFEGST12A58A7D682,1
SOFMUIO12A8C1317C6,1
SOCLMAD12AB017FC09,1
SOCVGHP12AB017B751,1
SOKTYWZ12A6D4F9766,1
SOABJBU12A8C13F63F,1
SOZVPEG12AB017FC25,1
SOYGKNI12AB0187E6E,1
SOQCKIZ12AB018BF96,1
SOANRRH12AB01861EB,1
SOAQNRN12AF72A7E50,1
SOAVWHY12AB017C6C0,1
SOAWWJW12AB01814F5,1
SOBBJKR12A6D4FA788,1
SOZUKLS12A8C140BF2,1
SOUZLXN12A6D4F4A66,1
SOBSLVH12A8C131F38,1
SOZCPYM12AB01871D3,1
SOBXWKW12A8C13CD67,1
SOXUHJN12AB01827F7,1
SOXPSQL12A8C13F939,1
SOOBGSW12A6D4F9D51,1
SOMJNSF12A8C139BFB,1
SOJNHAY12B0B80C22C,1
SOJYVPY12A8C1442FA,1
SOKAFRQ12AB017F64E,1
SOKSLXL12A8C13F0D7,1
SOKUECJ12A6D4F6129,1
SOKUWEV12A8C13BBEB,1
SOLKONH12A6701F119,1
SOLQXDJ12AB0182E47,1
SOMCXHR12AB018A2FB,1
SOVXYKD12AB01803AB,1
SOMNOZB12AB0181E7A,1
SOGNEOX12A6D4FAC39,1
SOVRMXY12A8C131A42,1
SOMPFGH12AF72ABEFA,1
SOMSKIL12AF729AEB0,1
SOMXPHT12AB0182BE7,1
SOMYODU12AB017D9E9,1
SOVOKKT12A6701E1C8,1
SONAZWN12A8151C957,1
SONPLGE12A6D4FB020,1
SOVMZQA12AB018152C,1
SONVJUL12A6701FB7A,1
SOWAEQM12A8C1311D0,1
SOJMUUU12A8C137A4F,1
SOJKOAI12A6D4FA79C,1
SOJGSIO12A8C141DBF,1
SOXPRHG12AB018D091,1
SOGWUHI12AB01876BD,1
SOHFFVC12AB0184DDB,1
SOXEUCX12AAA15D142,1
SOTZMQF12A67021D77,1
SOXCVYM12A8C141259,1
SOHFNKO12AB017C772,1
SOXCNQS12A81C22CFE,1
SOHRRNF12A67021D70,1
SOXACAO12A6D4F8F0A,1
SOHTZUF12A8C13582B,1
SOIEVTM12A67021D72,1
SOWYRZV12AF72A23E6,1
SOWTUPK12AB0185341,1
SOIJMKX12B0B8086A9,1
SOIOTAC12AB0181E7D,1
SOIXXSG12A8C13C400,1
SOJCAVK12A8151B805,1
SOWTORN12A8C142DA1,1
SOWNRRW12A58A801BA,1
SOJEVHC12A8C13C3E5,1
SOZIGJJ12A6D4F83D3,1
SONZMEO12AF72AA717,1
SOUAOZT12AB0184B11,1
SOZFVYJ12A8C1438F0,1
SOVLNXV12A6D4F706E,1
SOVTFUO12A6310D813,1
SOVUZLB12A6D4F6FF2,1
SOWNXSG12AB0183865,1
SOFFSOM12A6701E427,1
SOWWJJC12AF72A27CF,1
SOXDEDR12A8AE452CC,1
SOCVBAZ12A58A81E30,1
SOXJYJM12A6310D7C1,1
SOXYNAJ12AB017CCDB,1
SOYLNOS12A6D4F8029,1
SOZPGKX12AB0184B93,1
SOFXKBG12AF72A2EF9,1
SOZTIMI12A6D4FB8ED,1
SOAPHQA12A6D4FB7DF,1
SOCQWMC12A8C1429D1,1
SOBLQYI12AB018367E,1
SOCOVPL12A6D4FB7E9,1
SODKCRX12AF72A059E,1
SODLOYF12AB017BBCD,1
SODYODA12A63110847,1
SOYQQAC12A6D4FD59E,1
SOEMEBL12A6D4F6799,1
SOEZAWL12A58A79A74,1
SOTOPHT12AB017CD17,1
SOTOJHW12A6D4FA145,1
SOTJTQI12A6D4F75A2,1
SOHAGDI12A670207F5,1
SOAGRPL12A6701F667,1
SOZEBAZ12AF72A80C8,1
SOWDEJT12A8C140F19,1
SOSIITA12AB0183DAE,1
SORNJQU12AB01821FA,1
SORGVIG12A6D4F4A2B,1
SONUNBG12A6D4F4A25,1
SONKDCD12A81C22344,1
SOMWTBQ12AB018C94D,1
SOKHTGU12A6D4F8A33,1
SONJDDJ12AB017CD0C,1
SOJIPLZ12A6D4F6110,1
SOIQRSC12AB0185F9E,1
SOOABBO12A6701DFDA,1
SOOLJUA12AC468D252,1
SOPELWX12AB017CCD5,1
SOPGTDV12AB018C981,1
SOPUKYJ12A8C134A66,1
SOQDEWK12A6D4F5892,1
SOQQCJF12A8C13CDFB,1
SOQQYKH12A58A7F534,1
SORQYLM12A8C132BCF,1
SOSCUYV12A6D4F6FF4,1
SOFPJGB12A8C143EA1,1
SOGAUIQ12A6D4F8262,1
SOFXKPM12A6D4F6BAA,1
SOTZHLC12A6D4FCE3F,1
SORKLNO12A6D4F70D7,1
SORNVSM12AB0179D54,1
SOLZEED12A6D4FA8C9,1
SORQWBD12A58A79580,1
SOIQXJH12A8AE46CF6,1
SODWUBY12A6D4F8E8A,1
SOSHYUS12A8C1462AF,1
SOSJGZM12AF72A377E,1
SOSJHBT12A6D4F8CCE,1
SOSUDSA12A8C137FCA,1
SOTFTTK12A8C12FC79,1
SOUGBIM12A6D4F8247,1
SOGGKKC12A6D4F7F80,1
SOUGLIK12A8C143DF4,1
SOUHMAK12A8C1462A1,1
SOUKNUM12A8C1462C3,1
SOULIVW12A8C143917,1
SOVEEGT12AB0180463,1
SOVHCOR12AB0179D2A,1
SOWBNGK12A8C143932,1
SOWIYIB12A6310D89D,1
SOXNSDK12A8AE46A28,1
SODEZUP12A6310D7E8,1
SOYJXSQ12A8C13E595,1
SOQVFQZ12A8C13C727,1
SOMSQXY12A6310D81E,1
SOPRAYL12A8C13DF6D,1
SOPOHOQ12A8C143708,1
SOGHSUA12AB017F309,1
SOGINCA12AB0184ACD,1
SOGRPHH12AF72A9FEC,1
SOXKFRI12A8C137A5F,1
SOHUVDX12A8C137F41,1
SOWOAXK12A6310D81F,1
SOSIUBJ12A8AE48524,1
SOPBAZT12A6D4F8E88,1
SOKHYCA12AB018D078,1
SOKMSCV12A8C1436FB,1
SOLIFHW12AB018A93E,1
SOLIXJW12A58A79D02,1
SOLLNMF12AB0180444,1
SONIEQI12AF72A9822,1
SONQSQQ12A58A79BDD,1
SONTCHV12AF72A9F66,1
SOOATDK12A8C136E31,1
SOOFPDT12A58A778DD,1
SONXHLT12A8AE48546,1
SOONFXD12A8C13862F,1
SOOZWZF12A582913C6,1
SOPCTRR12A8C13C82B,1
SOPGQLP12A8C1462CB,1
SOCPMIK12A6701E96D,1
SOLRMER12AB0184B79,1
SOUKMKR12A8C141925,1
SOYYFLV12A58A7A88F,1
SOEWPZY12A6D4FB168,1
SOHZKTO12A8C1360AC,1
SOFXYAT12A8AE465EF,1
SOGRAGZ12A58A7ABEE,1
SOHPZJK12AB018AF87,1
SOHVYQD12A6D4F7791,1
SOLCCCU12A58A7FBD9,1
SOLOMLT12A6BD548D7,1
SOPVJNI12A81C219B9,1
SOVKSNI12AB018A15B,1
SOXMMCO12A6D4F778F,1
SOZATKE12A6D4F5915,1
SOJCLYS12A6D4FB9F9,1
SOCKEDZ12A6D4F6F09,1
SOECVEZ12A6D4F6F06,1
SOFLLDL12A8C13A1F9,1
SOQFYBZ12A6D4F73A1,1
SORKKVL12AB01842E5,1
SORNHEI12AB01859E3,1
SOCBYNH12AB01817F5,1
SOCXBTX12A8C132F5A,1
SOEFFQG12A8C14094F,1
SOEGOAB12A8C13BAE4,1
SOETHQM12A8C1366A9,1
SOCZOOF12A6D4FA579,1
SOAMTJF12A6D4F76CC,1
SOAJIXC12AB0183243,1
SOZGOFA12AB0182B23,1
SOOWVNN12A8C140775,1
SOUXFVB12A8C1416D5,1
SOUXNNU12A67020A48,1
SOVFEHL12B0B807366,1
SOVIUZY12AF72AB1D2,1
SOVXARL12A670203C7,1
SOWDJEJ12A8C1339FE,1
SOWDRRZ12A8C13AE89,1
SOWGEWN12A6D4F789B,1
SOMBMGT12A8C136A39,1
SOWPZWC12A6D4FA611,1
SOWTICW12A6D4FB01C,1
SOWUEQA12A8151BA81,1
SOXLKNJ12A58A7E09A,1
SOXRXKY12A8C13C48E,1
SOXVDLR12AB01896CA,1
SOKUAGP12A8C133B94,1
SOJGSFH12AB017EFC2,1
SOYMQKD12A6310D7EB,1
SOYUPVH12A6310DBBF,1
SOILFUU12AB017C75F,1
SOZAPQT12A8C142821,1
SOZBGPI12AB018A2DA,1
SOHMLNS12A58A7DA68,1
SOKXASE12AC46894BD,1
SOLGPEM12A58A7E72D,1
SOGRYJV12AB017D443,1
SOARFBY12A8C137D2D,1
SOUZDWT12B0B80BC62,1
SOCCBTI12AB017CD00,1
SOCDKEK12AB0183E15,1
SOCUFXW12A8C13C240,1
SODABFP12AB01845EC,1
SOEWFHI12AB017D43A,1
SOFDSQP12A8C142200,1
SOFMJBD12A8C137D2E,1
SOFOZKT12AB01875D5,1
SOFZSFL12A6D4FB086,1
SOHYRWW12A6D4F7A41,1
SOLKQFY12AF72A4DE3,1
SOIOSMN12AB018749E,1
SOIPSJB12A67ADD6C0,1
SOIQHZR12AB018C937,1
SOMSEEN12A8AE451DD,1
SOJQFRW12AB0184BA8,1
SOJXVPK12AB017FABF,1
SOMHLHX12A58A7AA5B,1
SOKPYML12A8C13CA2E,1
SOJJBVA12A58A78A79,1
SOJBSRJ12A6D4F7D5F,1
SOLGNBX12AF72A7737,1
SOABULH12A8C1331A4,1
SOQQPLB12A58A7D883,1
SOTQTRW12A58A7B996,1
SOUGOHW12AB018AEA3,1
SOLTAVH12AC468D155,1
SOMEKIN12AC46894EA,1
SOMWBDZ12A8C135260,1
SONRPMK12AC468D170,1
SOPVSPG12AB0189856,1
SOVVHNI12A58A7F661,1
SOXPZKE12A6D4F93C9,1
SOYIYRI12AC468D179,1
SOYNENM12AC46894D5,1
SOAOQSY12A8C139550,1
SOINOIM12A6D228326,1
SOJDJPF12AF729D6F4,1
SOOANGH12A67AE0D11,1
SOBNBZF12A8C14453A,1
SOQWVWY12A58A7F9F5,1
SOBMRLL12AB0180760,1
SORQVAG12A8C13109B,1
SOALJAA12A6702085C,1
SOUMLUJ12A8C139FB9,1
SOUZHHG12A58A7B4F5,1
SOAPJZQ12AB017C827,1
SOUXEOI12A6D4FB18E,1
SOHYTES12AB017D997,1
SOVGWOO12A5891F805,1
SOAKIMP12A8C130995,1
SOUVWFW12AB017E894,1
SOHJSRO12A8C13D385,1
SOIWPAX12AB0181918,1
SOIUHFO12A67AD954B,1
SOIRBTN12A8C13C97B,1
SOHXSEH12A67020A2D,1
SOHWXHK12A6701D7B9,1
SOHTKMO12AB01843B0,1
SOHNVHC12A6D4F95AB,1
SOHHSYJ12AB017F40A,1
SOGDZSB12AB017CC29,1
SOHFHTB12A6D4FC69A,1
SOGXXEU12A8C13CF95,1
SOGVQTZ12A6D4FB490,1
SOGUPIJ12A8C13AEA1,1
SOGKZXO12A8C13E3EE,1
SOGKHRQ12AF72A4231,1
SOGKGXY12A8C134E30,1
SOIYNJG12AB01810B2,1
SOJOZTM12A8C140618,1
SOJPFPR12AB018109D,1
SOJTZGN12AB017F006,1
SONLCTW12A58A7BB70,1
SONDCOR12A8C13BA16,1
SOMUXVE12A6D4F6EAB,1
SOMQURX12AB01886F8,1
SOMQSYG12A6D4FA671,1
SOMGPML12A8C13AE8C,1
SOLQGEO12AC4688B90,1
SOLILBT12A8C1406BF,1
SOLHEHV12A8C13ECB2,1
SOKZTMC12A8AE48549,1
SOKUGOT12A58A7CC62,1
SOKITWQ12A6D4FC8AD,1
SOKFNBL12AF72A1A41,1
SOJXYTP12A67ADD1B2,1
SOJVPDY12AF72A1B04,1
SOGIDSA12A8C142829,1
SOGDPWT12A58A7C132,1
SOURJIK12A8C138182,1
SOXGQCN12A8C1384FA,1
SOBALYV12A6D4F89BD,1
SOAVIJW12AB018269B,1
SOAARXR12A8C133D15,1
SOYUOVK12AB0185549,1
SOYSWHI12AAA8C5BFD,1
SOYLOZN12AB017CBA0,1
SOXSDRE12A6D4F8B3A,1
SOWSWTD12A67ADA3D7,1
SOFXJCS12A58A7DF02,1
SOWIKKV12AB017E9D6,1
SOVTXNV12A8C13FBD4,1
SOVMCAR12AF72A1268,1
SOVLCEQ12A6D4F74FF,1
SOUZRCP12AB0182164,1
SOUGAYN12A6D4F6E90,1
SOUBKFT12A6701F07A,1
SOBDVAK12AC90759A2,1
SOBGMYK12A6D4F6730,1
SOBIMTY12A6D4F931F,1
SOBKRVG12A8C133269,1
SOFWLRF12AB017F405,1
SOFVHLF12A8C140E48,1
SOFPCZP12A8C136B4F,1
SOFKYDZ12AB017F425,1
SOFGAER12A6D4F71A0,1
SOETRNC12A6D4F8653,1
SOEMAIM12AC90759AC,1
SOELOOM12AB017DB4C,1
SOEBPXF12A8C14295A,1
SODUANR12A6D4F5036,1
SODOZXB12A8C13CD55,1
SODLRPF12AC909761A,1
SOCMEJM12AF72A48D0,1
SOCJQTG12AC9097645,1
SOCHAXM12AB01876F8,1
SONMBPQ12A6D4F95A3,1
SONMERX12AF72A6002,1
SONOCEE12AC3DF57CC,1
SOBDQMB12AB0189045,1
SOCNCFO12A8C13971C,1
SOCJTTL12A8C14009F,1
SOCEWVG12A8C13DCC2,1
SOCAQPK12AB018AA3F,1
SOBWWDF12AF72A4828,1
SOBNPLZ12A81C2394C,1
SOBGPHU12A8C1424E3,1
SOAWXBL12AB01861E6,1
SONSQGU12AF72A2EDA,1
SOAUIZJ12A6D4FC011,1
SOARBUV12A6310F1B2,1
SOAOFBI12A8C143E28,1
SOAOBEK12AF72A9021,1
SOAKDHD12A6310F1AE,1
SOAJJDS12A8C13A3FB,1
SOAIIYK12A6D4F6666,1
SOCQQSU12AB0185BF4,1
SOCSZDA12A6D4F6663,1
SOCXGVX12A67AD85A1,1
SODACQU12A67AE0C88,1
SOFCQQC12A8C135E0C,1
SOEYKXB12A8C1346BC,1
SOEXEMS12AB0186160,1
SOEWATI12A8C13D029,1
SOESJHB12A8C13F5A5,1
SOEPHAK12A8C1383D5,1
SOELGCG12AB0188C92,1
SOEGAZP12A8BED7496,1
SOEDBAO12A8AE476FE,1
SOEBJYS12A8C13E0AD,1
SOEAVMU12AB017E234,1
SODXNRQ12A8151B860,1
SODRLEQ12A6701F953,1
SODPSYG12A8C145EBF,1
SODIMDE12A6D4F6D41,1
SOYBWVL12AF72A3DD3,1
SOVZHYS12A8C14663F,1
SOUDLVN12AAFF43658,1
SOVPXOH12AB0180112,1
SOUQJHS12AB0180A82,1
SOUNZHU12A8AE47481,1
SOUNNKZ12A8C13E432,1
SOTSRUQ12A81C22359,1
SOSROSD12A8C13F519,1
SOSQMCN12AB01820C7,1
SOSNESF12A8C143097,1
SORJRHI12A6D4FEF5C,1
SOQJXKY12AC3DF57D1,1
SOPZBNV12AB0187D8B,1
SOPXWLG12A8C13E75D,1
SOOXRJG12A8C13773E,1
SOORTEQ12A6D4FA1D0,1
SOOPCNF12A58A7DF63,1
SONXCYX12AB0184785,1
SOVGEYY12A58A7D2B6,1
SOVRGXP12AB017D2B9,1
SOSTLBB12A8C13E3DB,1
SOVYNZA12A8C13C378,1
SOSIZSI12A8AE46305,1
SONHLJN12A81C2169B,1
SODUGQV12AF72A6803,1
SODLSCE12A6D4FBCAC,1
SODASIJ12A6D4F5D89,1
SOAYATB12A6701FD50,1
SOZRLJL12A8C14415F,1
SOZISSK12A3F1EAD88,1
SOYOHMP12A6D4F6244,1
SOYJPNY12AB01869CC,1
SOYGYFN12A8C137FA9,1
SOXNGDE12AB018C7A4,1
SOXJLLK12A8C139E3D,1
SOWVNWB12A8C133171,1
SOVZOBS12A67ADAFC6,1
SOSSZCB12A8C1384EF,1
SOSMJJQ12A6D4F715D,1
SOSAGHZ12A8C135BB8,1
SOTCPHF12A8C13BF9B,1
SOVAJXX12A8AE47D5C,1
SOUQUBU12AF72A47B3,1
SOUKXIN12A8C133C7F,1
SOTRSFZ12A8C142BF6,1
SOTLVCL12AB0182D22,1
SOTHMIK12A8C136FA1,1
SOTGVEX12A8C136F82,1
SOSYBEV12AB0182933,1
SOQWKES12A8C136184,1
SORUFVF12AB018230B,1
SORSAJY12A6D4F7457,1
SORQHCG12A58A7EEBA,1
SORPMYJ12AF729EB90,1
SORJNVW12A8C13BF90,1
SORDDVI12A8C136F53,1
SOQMUDW12A58A7AF03,1
SOVHRGF12A8C13852F,1
SOVQEYZ12A8C1379D8,1
SOVYIYI12A8C138D88,1
SOVZRXZ12A58A77A88,1
SOHANDU12A8C13C47F,1
SOBVAHM12A8C13C4CB,1
SOAUSXX12A8C136188,1
SOZZHXI12A8C13BF7D,1
SOZOBWN12A8C130999,1
SOZGCUB12A8C133997,1
SOYYWMD12A58A7BCC9,1
SOXSPON12A6D4F5DC2,1
SOXRXDG12A8C131DE5,1
SOXMIUS12A8C13CD59,1
SOWSPUS12AC468BEE3,1
SOWQLXP12AF72A08A2,1
SOWNDCE12A6D4FB304,1
SOWMHHL12A8C14178E,1
SOWEZSI12A81C21CE6,1
SOQLCKR12A81C22440,1
SOQJLDY12AAF3B456D,1
SOQIVUD12AB01821D2,1
SOLFJVY12A6D4F9DCA,1
SOKSIKA12A6D4F5DC7,1
SOJTEDZ12A58A7CB3D,1
SOJPFQG12A58A7833A,1
SOJNNUA12A8AE48C7A,1
SOIYTOA12A6D4F9A23,1
SOISWBZ12A8C13C0F7,1
SOIQOQT12A8C136F96,1
SOIAOBY12A8C13BF75,1
SOHQZCA12A6D4FB317,1
SOHQWYZ12A6D4FA701,1
SOHQIAG12A8C136F64,1
SOFTKSZ12A6D4F5DC5,1
SOBNZDC12A6D4FC103,1
SOBFOVM12A58A7D494,1
SOBFNSP12AF72A0E22,1
SOKUZGZ12A8C136F88,1
SOLGNOE12A8C139CA9,1
SOQEMEN12A8C13BF8B,1
SOLLGNU12AF72A4D4F,1
SOQDBOA12A8C13E5E6,1
SOPZAUC12A58A7DB24,1
SOPCVQE12AC468AF36,1
SOPBCSY12A6D4F5DC4,1
SOOSIVQ12A6D4F8AE0,1
SOOKGRB12A8C13CD66,1
SOOGGEX12A58A7DACF,1
SONYTAN12A8C13BF88,1
SONVJAW12A8C139EFB,1
SONSAEZ12A8C138D7A,1
SONRXOY12AB0181E84,1
SOMSQJY12A8C138539,1
SOMLMKI12A81C204BC,1
SOLXHAI12A6D4FD6F3,1
SOLUHPJ12A8C13AB0F,1
SOOSOJV12A8C13B8F2,1
SORKSWV12AF72A4DD7,1
SORNIJC12A8C1384CD,1
SOGEVAT12A67020DD0,1
SOHTBKO12A58A75570,1
SOHHZAZ12A58A7990B,1
SOHGTIR12A6D4F7162,1
SOHFDJF12A8C136368,1
SOGTMYT12A6D4F98D9,1
SOGKSLA12AB017F82F,1
SOGIYND12AB017B10E,1
SOFXYLJ12A6310D8BC,1
SORNOFK12AF72A0F50,1
SOFWANS12AF72A12E6,1
SOEWJXN12A58A7A53A,1
SOENTGU12A8C132E0F,1
SODAQMD12A8C131D57,1
SOBKWUG12A58A7CE74,1
SOBIQWH12A8C13BCDE,1
SOBDKVR12A8C13E705,1
SOHZUAA12A6701F116,1
SOIDSDT12A6D4F98DB,1
SOIJLDG12A8C135B96,1
SOKIKWC12A6D4F98D8,1
SOQXLEC12A8C13BCEC,1
SOQQRQZ12A8C1384DE,1
SOPTJQJ12A58A7DA70,1
SOOVMCV12A6D4F7167,1
SOOSADY12A6701F119,1
SOOBNUD12A6701F2F8,1
SONYVIX12A6D4F7161,1
SONSEBX12AF72AA3ED,1
SOMQFYE12A8C138F05,1
SOMGVYU12A8C1314FF,1
SOLRFKH12AF72A5CF6,1
SOLJSEJ12A8C132F61,1
SOLCGMX12AB0185163,1
SOKQMNB12A6D4F74FD,1
SOKJQGO12AF72ACA9F,1
SOASVIB12A8C139435,1
SOASIWE12A6701D990,1
SOAQZXK12A6701D993,1
SOPKPFW12A6D4F84BC,1
SONQEYS12AF72AABC9,1
SONGLDE12A8C130A59,1
SOFXZAW12A67ADC90E,1
SOERVXG12A6D4F5583,1
SOCFYDV12A8C1406E2,1
SOCFPEA12A6701CD37,1
SOAOQFD12A6D4FAAA9,1
SOEBOAR12A6D4FD136,1
SOZMJFG12AB017BDAF,1
SOVRZIX12AAF3B2A32,1
SOQFEDG12AB018DD24,1
SOHRQZQ12A6D4F81D2,1
SOCZTMT12AF72A078E,1
SOCHBAJ12AAF3B3A4F,1
SOBDRND12A8C13FD08,1
SOOCUXJ12A6D4F6FB7,1
SOQBMFK12A8C13835B,1
SOALEQA12A58A77839,1
SORPHNV12A6701CD63,1
SOBUJFP12A8C135A9A,1
SOVDSJC12A58A7A271,1
SORJMZL12A8C13AC49,1
SOJFYRR12AB017BF2A,1
SOIICEQ12A6D4F7FE0,1
SOWEHOM12A6BD4E09E,1
SOMNTMT12A8C1400F6,1
SOZWVEH12A6D4F7C37,1
SOZRBOZ12A58A7AD7E,1
SOZJCWK12A6D4F816A,1
SOYNLAI12A58A7F409,1
SOXXOMK12A679AE582,1
SOXHIRU12A8C14056E,1
SOUIBQV12AF729E50D,1
SOSKTXE12A8C1384B0,1
SOFJMYJ12A6D4F8E59,1
SOFKTPP12A8C1385CA,1
SOFSPAT12A8C145F53,1
SODOTJS12A8C140C18,1
SOEAYZK12A58A804A8,1
SODXDOO12A8C139A2E,1
SODWZZQ12A6D4FA7B7,1
SODVWOV12A6D4FB6D2,1
SODVFTQ12A58A7AC45,1
SODUQLE12AF72A0F05,1
SODPJPY12A58A7D3EA,1
SODJMIP12A8C14007C,1
SOGOJRO12A6D4F6FB7,1
SODEIFT12AB0189E54,1
SODCVNH12AB0184F61,1
SOCYGFQ12A8C13C65B,1
SOCTTOR12A81C21D45,1
SOCDXUG12B0B8064EA,1
SOCBWRP12A8C1311DB,1
SOCATVQ12A8AE46CF4,1
SOEDSYM12A58A76B62,1
SOEDTDL12A6D4FA022,1
SOEJNVA12A67AE225C,1
SOETKSY12A8C13C666,1
SOGKYQK12A67ADA292,1
SOGKVDY12A8C1427ED,1
SOGIVSP12AF729A146,1
SOGBOZK12A6D4F6ADF,1
SOFVSYJ12A58A793EB,1
SOFVGPP12A8C141FA6,1
SOFQPDW12AB018B3BE,1
SOFQMHG12A6701E781,1
SOFNFOJ12AB0186D69,1
SOFKQAW12A8AE45850,1
SOFKBMJ12AB0184258,1
SOFIVRZ12AB0182207,1
SOEXVOV12A8C142C54,1
SOEVYQI12A8C139D04,1
SOEUDBC12A8C140BEA,1
SOBYKVE12AB017E275,1
SOBPFXJ12AB018D03F,1
SOBNXJY12A8C13E070,1
SOJGCZF12A6D4FB17A,1
SOGWZIM12AB018A946,1
SOBUEGC12AB018E193,1
SOYSYNY12AB017C118,1
SOVCLFP12A67020A69,1
SOSENYY12AC468B565,1
SOQSGRF12A58A7A3AF,1
SOQMWST12A81C222CA,1
SOQEBHS12A6D4FCB47,1
SOKYHYL12A8C13D79D,1
SOJOZVB12AF729D046,1
SOEABHG12A8151BA59,1
SOAHWNA12A8C14135A,1
SOXMXWE12A6D4FB2FD,1
SOXHUEV12A6D4FD0F0,1
SOWXDVT12B0B80BFA3,1
SOHTVHX12AB01838EA,1
SOODIPR12A6D4F9C44,1
SOBKXDF12A67ADF7EC,1
SOOIKKF12A8AE4697E,1
SOBKTWJ12A8C143848,1
SOBHDCI12A8C136941,1
SOBGJBA12A6D227291,1
SOBFVFT12AB017C901,1
SOBCGTF12A6D4F801C,1
SOBBHQG12A58A7ADC6,1
SOBAHZM12AB018D0A2,1
SOAVLJR12AC46883DC,1
SOAVCHX12A6D4FA7B6,1
SOAPLOI12AB018CCF4,1
SOAOQAE12AB018263F,1
SOAMXZA12A6D4F6B18,1
SOAIQYM12A6701F507,1
SOZYQIH12AB01844BB,1
SOXLUNQ12A6D4F7735,1
SOGMUME12A8C143E83,1
SOGOLRD12A6D4F89E9,1
SORSIVK12AF72A1348,1
SOPUEPC12AF72A3AE3,1
SOQQCTH12A6D4FB018,1
SOQNLFB12A58A77992,1
SOQLLQI12A8C137FF2,1
SOQLHFS12B35058AB4,1
SOQDADR12A6D4F99C6,1
SOPZIQE12A8C142C77,1
SOPYRES12A6D4F5DD0,1
SOPCYXP12A58A75EB1,1
SOGVNFY12A6D4FC651,1
SOPCQRT12A8C13B15D,1
SOOYJOK12A6D4F9FCD,1
SOOHOEG12A8AE474EA,1
SOOEZZJ12A8C13133D,1
SONMNYH12A8C131C99,1
SONDZIG12AB0184B6B,1
SOMZTQK12AB0181068,1
SOQSHGU12AB0186E71,1
SOQTHZW12A8C1400F8,1
SOQVKDH12A8AE450EF,1
SORASHE12A6D4FA7B8,1
SOUQQWB12AB01828AB,1
SOUIPIF12A8C135E49,1
SOUHKQF12AF72A4702,1
SOUCBBI12A58A7A7C9,1
SOTYSZR12A6701F2CD,1
SOTUETB12AB018CD36,1
SOTPIVG12A8C140142,1
SOTOESM12A6D4F84A1,1
SOTJOXG12A6D4F9FB5,1
SOTIQMD12A6D4FDC9C,1
SOSSOUW12AF72A194A,1
SOSAZBH12AB017FFA0,1
SORZHCA12AB01846E3,1
SORJKSL12AB017D9F4,1
SORIQSX12A8AE48E21,1
SOMUYJI12A8C13AE71,1
SOMMUEG12AF729B982,1
SOMKQUD12A8C144676,1
SOIWHGV12AB018472C,1
SOIUHNZ12AF72ADA80,1
SOITKIV12A67ADBF39,1
SOISJAK12A8C142C4B,1
SOISCBM12AB017CB19,1
SOICAZH12A6D4F9864,1
SOIBYJC12AB017C771,1
SOIAIVS12A8C137973,1
SOHTPUE12A6D4F9C58,1
SOHTKZE12AB017CB68,1
SOHQIFS12AF72A4E28,1
SOHNGXJ12AB018533F,1
SOHNFBA12AB018CD1D,1
SOHKKFX12A58A7975B,1
SOHILNH12A6701E1C3,1
SOHGJRQ12AB018CD0C,1
SOIUVYE12A6D4FA66E,1
SOIWULR12A6702162B,1
SOLYVPG12AB0185318,1
SOIYBET12A8C13D69D,1
SOLWOAA12A8C136138,1
SOLPAZM12A58A7D4FE,1
SOLLWLW12AB018A77E,1
SOLJYFD12AB0185347,1
SOLHBZN12AF72A7F25,1
SOKWDJM12A8C142CF7,1
SOKRAHZ12A8C13F438,1
SOKLVBQ12AF72A2BE6,1
SOKCOPR12A6D4FC3BD,1
SOJVQGU12A67ADD4EF,1
SOJOFMD12A6D4F84A4,1
SOJILUX12A81C202FD,1
SOJBZVF12AC3DF5728,1
SOJBIOR12AB0181FA7,1
SOJAESE12A8C139DEA,1
SOTYAJM12A6D4FD0EE,1
SORDUDS12A8C145251,1
SOFWUWJ12A6D4F991E,1
SOLVMWL12AAF3B537C,1
SOMQDVC12A6D4FBE03,1
SOMHMQW12A8C14098B,1
SOMFVZQ12A81C219E4,1
SOMCHHT12A8C13B9F2,1
SOMBLEA12AF729ECE2,1
SOMBCVG12A8C13A261,1
SOLVMXY12A8C131E36,1
SOLVHIW12A8C13BA03,1
SOPODKB12AB01820CC,1
SOLVCOL12A8C13B9EB,1
SOLSKZK12A58A7DB2D,1
SOLSKNG12A8C13EFA9,1
SOLLDVS12AB0183835,1
SOLGIFI12A8C135DE3,1
SOLAUOW12A8C13A400,1
SOKZVPM12A8C135A81,1
SOMRTUH12AB0185650,1
SOMRWUD12A6D4FB4C4,1
SOMSNCG12A8AE475A7,1
SOMUCFP12A6701F28E,1
SOPJULC12A6D4F667F,1
SOPBXPQ12AB01887E2,1
SOONKAK12A8C140357,1
SOOLUNQ12AB01861C8,1
SOOIMYS12A8C135E18,1
SOOHDXT12AB0181797,1
SOODXFF12A8C13A21C,1
SOOCICG12A8AE49309,1
SOOBPWM12A8C13973E,1
SONZLSS12AAF3B4917,1
SONREBX12A8C142DBA,1
SONETOU12A58A7D903,1
SOMVPBQ12A58A7835F,1
SOMVMVF12AB018C9A6,1
SOMUNVU12A6D4FB0E0,1
SOKVSAH12A8C133C6D,1
SOKUMNA12A8C131B4B,1
SOKTJMZ12AB018C9A0,1
SOIVBNO12A58A75411,1
SOIOBLC12AF72A3A7C,1
SOIEBOJ12A8C1379FC,1
SOHXQWR12AF72AB9CD,1
SOHVWPV12A8C135C5B,1
SOHIDCT12AB018C98E,1
SOHBURV12A8C13B628,1
SOGZQHS12A8C137A12,1
SOGVWGI12A8C13B9D1,1
SOGQUQG12A8C143005,1
SOGJPMB12A8C13A9DB,1
SOGIEOU12A8C134815,1
SOGERWW12AB01858A2,1
SOGECRB12AB018C9AB,1
SOGEAVL12A8C13F578,1
SOGCBQL12A67ADE302,1
SOIQUSV12A8C13A402,1
SOIVKUR12A6310F0FF,1
SOKPECC12A8C144E4A,1
SOIYMFH12A8C14059B,1
SOKHHVK12A8AE48182,1
SOKEMEF12A6D4F9403,1
SOJZOFG12A8C137BAE,1
SOJXCUO12AB0180F5C,1
SOJWEGU12AB0183F20,1
SOJWDVX12A8C144C92,1
SOJVCYN12A8C138A1F,1
SOJUBSU12AF729FEC1,1
SOJTQNM12A6D4FBE17,1
SOJTIXE12AB018C99E,1
SOJLAES12AAF3B4907,1
SOJIAHH12A6D4F6D47,1
SOJDPNR12A8C13C7AE,1
SOJBIJK12A8C137500,1
SOIZRER12A8C137A26,1
SOPMDSY12AF72A0C6F,1
SOPOFBW12AB0187196,1
SONYFNI12AB0185B47,1
SOXAFPJ12A8AE48C59,1
SOYFUMR12AB0183F0B,1
SOYEWFR12AB0189AB6,1
SOYEVUY12A8C145F58,1
SOXNMPK12AF72A3E45,1
SOXLSBV12AB018397A,1
SOXFANL12A6310F1B5,1
SOXBQAU12A8C13E9A5,1
SOWUVGC12A8C1412E1,1
SOPQQNK12A8C13BF46,1
SOWNVRT12AB0188CA6,1
SOWJYKK12A8C13286A,1
SOAPDEY12A81C210A9,1
SOWDCWA12AB01896C3,1
SOVUBST12AB018C9A4,1
SOVQTBU12AF72A6675,1
SOVPVKH12A8C133388,1
SOYHTAT12A81C23955,1
SOYHTJQ12AB0183840,1
SOYIWVC12A8AE47F31,1
SOYLDJC12A6701E2FF,1
SOKAYUX12AB01835F6,1
SOISSYK12A6D4F78A8,1
SODYMSQ12A58A790AD,1
SODHFCC12A58A7B15B,1
SOBEZLZ12A8C1421BC,1
SOARNMW12A8C14093C,1
SOACHXA12A58A7BE3E,1
SOZZYAO12A6701FF36,1
SOZYOMV12AB01861BC,1
SOZUPDR12A8C137FB6,1
SOZQWVW12A6310F203,1
SOZORGY12A8C140382,1
SOYYYFE12A81C2395E,1
SOYRHNG12A8C14002E,1
SOYPJMP12AF72A901D,1
SOVMKIC12AF72A05CC,1
SOVLDZB12A81C206F5,1
SOVBJIV12A81C22366,1
SOSEBVP12A6D4F9CBB,1
SORVYXQ12AB018C994,1
SORRCNC12A8C13FDA9,1
SORDUSQ12A6D4F5D47,1
SORCODJ12A6D4F5F1C,1
SORBYRY12A8C139616,1
SORBGJQ127D9764932,1
SOQUQOK12A8AE47F95,1
SOQTPLM12B0B809575,1
SOQSPDJ12A58A7EC6E,1
SOQRHIX12A6701F955,1
SOQNPEO12AB018780D,1
SOQEFWR12A8C137A34,1
SOQAJHW12AB0186004,1
SOQACEU12A58A78E0D,1
SOPTLTT12A58A7938D,1
SOSDUAW12A8C13BA7D,1
SOSGRIV12A6D4F5DC4,1
SOUZBUD12A8C13FD8E,1
SOSJSCF12A8C13B9D3,1
SOURYDB12A8C135A6A,1
SOUNJIO12AB0181339,1
SOUKFXO12A8C1383BE,1
SOUEEWG12A8C139E61,1
SOTXSMC12AB0182217,1
SOTQUEC12AB01877F8,1
SOTEPSZ12AB018C99D,1
SOTDIMP12AB01821E8,1
SOTBZAY12A58A7EEF5,1
SOSTULZ12AAF3B4683,1
SOSOHQJ12A6D4F97A3,1
SOSNUDO12AB0181485,1
SOSMMEW12A8C134F96,1
SOSLEFC12A6D4FC740,1
SOSKKUE12AB0180108,1
SOWIEKS12A8C136EC3,1
